recordNo,Order ID,uniqueID,accountType,lastName,billingSelection,agencyType,bookingAgency,billingAgency,customerContact,package,orderStatus,PONumber,orderNote,urgentNote,title,publication,section,subsection,zones,regionalCopySplit,copySplit,addDate,module,Colour,productionNote,positionrequests,pagerequests,freereasons,yield,revenue,contractTotalValue,authCode,salesPerson
1,,001D000000j2mtEIAQ,,,,,,,,,,,,,,,,,,,,,,,,,,,,,,,
2,,001D000000kNi5YIAS,,,,,,,,,,,,,,,,,,,,,,,,,,,,,,,
3,,001D000001KYwiwIAD,,,,,,,,,,,,,,,,,,,,,,,,,,,,,,,
4,,001D000000yvt5CIAQ,,,,,,,,,,,,,,,,,,,,,,,,,,,,,,,
5,,001D000001DU5RtIAL,,,,,,,,,,,,,,,,,,,,,,,,,,,,,,,
6,,001D000000zyIMiIAM,,,,,,,,,,,,,,,,,,,,,,,,,,,,,,,
7,,001D000001Oz7scIAB,,,,,,,,,,,,,,,,,,,,,,,,,,,,,,,
8,,001D000000j2msaIAA,,,,,,,,,,,,,,,,,,,,,,,,,,,,,,,
9,,001D000000j2mrLIAQ,,,,,,,,,,,,,,,,,,,,,,,,,,,,,,,
10,,001D000000j2mwlIAA,,,,,,,,,,,,,,,,,,,,,,,,,,,,,,,
11,,001D000000nhGlZIAU,,,,,,,,,,,,,,,,,,,,,,,,,,,,,,,
12,,001D000000yvpHGIAY,,,,,,,,,,,,,,,,,,,,,,,,,,,,,,,
13,,001D0000018g5xWIAQ,,,,,,,,,,,,,,,,,,,,,,,,,,,,,,,
14,,001D000000j33DCIAY,,,,,,,,,,,,,,,,,,,,,,,,,,,,,,,
15,,001D000000yvqirIAA,,,,,,,,,,,,,,,,,,,,,,,,,,,,,,,
16,,001D000000j2mkOIAQ,,,,,,,,,,,,,,,,,,,,,,,,,,,,,,,
17,,001D000000j2myhIAA,,,,,,,,,,,,,,,,,,,,,,,,,,,,,,,
18,,001D000000vPu5OIAS,,,,,,,,,,,,,,,,,,,,,,,,,,,,,,,
19,,001D000000j2mt2IAA,,,,,,,,,,,,,,,,,,,,,,,,,,,,,,,
20,,001D000000j2moqIAA,,,,,,,,,,,,,,,,,,,,,,,,,,,,,,,
21,,001D000001KHea5IAD,,,,,,,,,,,,,,,,,,,,,,,,,,,,,,,
22,,001D000001EOLamIAH,,,,,,,,,,,,,,,,,,,,,,,,,,,,,,,
23,,001D000000j2mnlIAA,,,,,,,,,,,,,,,,,,,,,,,,,,,,,,,
24,,001D000000j2mtYIAQ,,,,,,,,,,,,,,,,,,,,,,,,,,,,,,,
25,,001D000000l3obZIAQ,,,,,,,,,,,,,,,,,,,,,,,,,,,,,,,
26,,001D000000n3Ws5IAE,,,,,,,,,,,,,,,,,,,,,,,,,,,,,,,
27,,001D000000j2mp7IAA,,,,,,,,,,,,,,,,,,,,,,,,,,,,,,,
28,,001D000000j2mnzIAA,,,,,,,,,,,,,,,,,,,,,,,,,,,,,,,
29,,001D000000j2mrDIAQ,,,,,,,,,,,,,,,,,,,,,,,,,,,,,,,
30,,001D000000j2moDIAQ,,,,,,,,,,,,,,,,,,,,,,,,,,,,,,,
31,,001D000000j2mvnIAA,,,,,,,,,,,,,,,,,,,,,,,,,,,,,,,
32,,001D000000j2mwwIAA,,,,,,,,,,,,,,,,,,,,,,,,,,,,,,,
33,,001D000000sQ7YyIAK,,,,,,,,,,,,,,,,,,,,,,,,,,,,,,,
34,,001D000000j2mo1IAA,,,,,,,,,,,,,,,,,,,,,,,,,,,,,,,
35,,001D000000yvtgrIAA,,,,,,,,,,,,,,,,,,,,,,,,,,,,,,,
36,,001D000000j2moNIAQ,,,,,,,,,,,,,,,,,,,,,,,,,,,,,,,
37,,001D0000014ylYQIAY,,,,,,,,,,,,,,,,,,,,,,,,,,,,,,,
38,,001D000000jwHckIAE,,,,,,,,,,,,,,,,,,,,,,,,,,,,,,,
39,,001D000000yvpV3IAI,,,,,,,,,,,,,,,,,,,,,,,,,,,,,,,
40,,001D000000j2mzeIAA,,,,,,,,,,,,,,,,,,,,,,,,,,,,,,,
41,,001D000000yvuj8IAA,,,,,,,,,,,,,,,,,,,,,,,,,,,,,,,
42,,001D000000j2mnTIAQ,,,,,,,,,,,,,,,,,,,,,,,,,,,,,,,
43,,001D000000zksIiIAI,,,,,,,,,,,,,,,,,,,,,,,,,,,,,,,
44,,001D000000j2mz1IAA,,,,,,,,,,,,,,,,,,,,,,,,,,,,,,,
45,,001D0000012HLvRIAW,,,,,,,,,,,,,,,,,,,,,,,,,,,,,,,
46,,001D000000lciuBIAQ,,,,,,,,,,,,,,,,,,,,,,,,,,,,,,,
47,,001D000000n1FFIIA2,,,,,,,,,,,,,,,,,,,,,,,,,,,,,,,
48,,001D000000n0NIaIAM,,,,,,,,,,,,,,,,,,,,,,,,,,,,,,,
49,,001D000000yvtt3IAA,,,,,,,,,,,,,,,,,,,,,,,,,,,,,,,
50,,001D000000j2mmpIAA,,,,,,,,,,,,,,,,,,,,,,,,,,,,,,,
51,,001D000000yvtdAIAQ,,,,,,,,,,,,,,,,,,,,,,,,,,,,,,,
52,,001D000000j2mwNIAQ,,,,,,,,,,,,,,,,,,,,,,,,,,,,,,,
53,,001D000000yvrI8IAI,,,,,,,,,,,,,,,,,,,,,,,,,,,,,,,
54,,001D0000012DfxwIAC,,,,,,,,,,,,,,,,,,,,,,,,,,,,,,,
55,,001D000000jRkNyIAK,,,,,,,,,,,,,,,,,,,,,,,,,,,,,,,
56,,001D000001JkxX3IAJ,,,,,,,,,,,,,,,,,,,,,,,,,,,,,,,
57,,001D0000018hgZZIAY,,,,,,,,,,,,,,,,,,,,,,,,,,,,,,,
58,,001D000000yvqtbIAA,,,,,,,,,,,,,,,,,,,,,,,,,,,,,,,
59,,001D000000yvsdwIAA,,,,,,,,,,,,,,,,,,,,,,,,,,,,,,,
60,,001D000000xSiMXIA0,,,,,,,,,,,,,,,,,,,,,,,,,,,,,,,
61,,001D000000j2mzRIAQ,,,,,,,,,,,,,,,,,,,,,,,,,,,,,,,
62,,001D000000yRLbJIAW,,,,,,,,,,,,,,,,,,,,,,,,,,,,,,,
63,,001D000001IXEMiIAP,,,,,,,,,,,,,,,,,,,,,,,,,,,,,,,
64,,001D000000j2n1UIAQ,,,,,,,,,,,,,,,,,,,,,,,,,,,,,,,
65,,001D000000yvtDpIAI,,,,,,,,,,,,,,,,,,,,,,,,,,,,,,,
66,,001D000001HVkAMIA1,,,,,,,,,,,,,,,,,,,,,,,,,,,,,,,
67,,001D000000pcF84IAE,,,,,,,,,,,,,,,,,,,,,,,,,,,,,,,
68,,001D000001CgV1ZIAV,,,,,,,,,,,,,,,,,,,,,,,,,,,,,,,
69,,001D000000yvr7OIAQ,,,,,,,,,,,,,,,,,,,,,,,,,,,,,,,
70,,001D000000j2mlsIAA,,,,,,,,,,,,,,,,,,,,,,,,,,,,,,,
71,,001D000000yvs12IAA,,,,,,,,,,,,,,,,,,,,,,,,,,,,,,,
72,,001D000000lcf7NIAQ,,,,,,,,,,,,,,,,,,,,,,,,,,,,,,,
73,,001D000001FKdJGIA1,,,,,,,,,,,,,,,,,,,,,,,,,,,,,,,
74,,001D0000017mKXoIAM,,,,,,,,,,,,,,,,,,,,,,,,,,,,,,,
75,,001D00000160BcnIAE,,,,,,,,,,,,,,,,,,,,,,,,,,,,,,,
76,,001D000001LznelIAB,,,,,,,,,,,,,,,,,,,,,,,,,,,,,,,
77,,001D000001NKxFOIA1,,,,,,,,,,,,,,,,,,,,,,,,,,,,,,,
78,,001D000001NpdCcIAJ,,,,,,,,,,,,,,,,,,,,,,,,,,,,,,,
79,,001D000001DVkLdIAL,,,,,,,,,,,,,,,,,,,,,,,,,,,,,,,
80,,001D000001KYrMoIAL,,,,,,,,,,,,,,,,,,,,,,,,,,,,,,,
81,,001D000001KHODyIAP,,,,,,,,,,,,,,,,,,,,,,,,,,,,,,,
82,,001D000000j2mn2IAA,,,,,,,,,,,,,,,,,,,,,,,,,,,,,,,
83,,001D000000j2mtoIAA,,,,,,,,,,,,,,,,,,,,,,,,,,,,,,,
84,,001D000000j2mw2IAA,,,,,,,,,,,,,,,,,,,,,,,,,,,,,,,
85,,001D0000011vQJWIA2,,,,,,,,,,,,,,,,,,,,,,,,,,,,,,,
86,,001D000000lbqULIAY,,,,,,,,,,,,,,,,,,,,,,,,,,,,,,,
87,,001D000000j2mn3IAA,,,,,,,,,,,,,,,,,,,,,,,,,,,,,,,
88,,001D000000j2mrgIAA,,,,,,,,,,,,,,,,,,,,,,,,,,,,,,,
